DATE,TMAX
2007/12/31,41
2008/1/1,40
2008/1/2,33
2008/1/3,14
2008/1/4,32
2008/1/5,42
2008/1/6,47
2008/1/7,55
2008/1/8,67
2008/1/9,62
2008/1/10,49
2008/1/11,57
2008/1/12,48
2008/1/13,44
2008/1/14,39
2008/1/15,35
2008/1/16,34
2008/1/17,35
2008/1/18,47
2008/1/19,35
2008/1/20,34
2008/1/21,25
2008/1/22,40
2008/1/23,37
2008/1/24,32
2008/1/25,31
2008/1/26,33
2008/1/27,34
2008/1/28,41
2008/1/29,40
2008/1/30,50
2008/1/31,36
2008/2/1,54
2008/2/2,53
2008/2/3,45
2008/2/4,40
2008/2/5,45
2008/2/6,46
2008/2/7,37
2008/2/8,32
2008/2/9,37
2008/2/10,43
2008/2/11,26
2008/2/12,30
2008/2/13,40
2008/2/14,39
2008/2/15,47
2008/2/16,31
2008/2/17,45
2008/2/18,62
2008/2/19,45
2008/2/20,31
2008/2/21,31
2008/2/22,32
2008/2/23,34
2008/2/24,39
2008/2/25,47
2008/2/26,40
2008/2/27,40
2008/2/28,28
2008/2/29,25
2008/3/1,39
2008/3/2,41
2008/3/3,49
2008/3/4,60
2008/3/5,60
2008/3/6,42
2008/3/7,43
2008/3/8,58
2008/3/9,51
2008/3/10,39
2008/3/11,43
2008/3/12,43
2008/3/13,38
2008/3/14,51
2008/3/15,40
2008/3/16,41
2008/3/17,44
2008/3/18,39
2008/3/19,41
2008/3/20,45
2008/3/21,40
2008/3/22,47
2008/3/23,45
2008/3/24,44
2008/3/25,38
2008/3/26,58
2008/3/27,55
2008/3/28,43
2008/3/29,36
2008/3/30,41
2008/3/31,53
2008/4/1,64
2008/4/2,55
2008/4/3,53
2008/4/4,44
2008/4/5,54
2008/4/6,42
2008/4/7,43
2008/4/8,45
2008/4/9,53
2008/4/10,72
2008/4/11,53
2008/4/12,61
2008/4/13,49
2008/4/14,55
2008/4/15,53
2008/4/16,58
2008/4/17,56
2008/4/18,68
2008/4/19,57
2008/4/20,55
2008/4/21,52
2008/4/22,67
2008/4/23,84
2008/4/24,74
2008/4/25,62
2008/4/26,53
2008/4/27,51
2008/4/28,58
2008/4/29,60
2008/4/30,53
2008/5/1,60
2008/5/2,50
2008/5/3,48
2008/5/4,52
2008/5/5,58
2008/5/6,66
2008/5/7,70
2008/5/8,77
2008/5/9,61
2008/5/10,59
2008/5/11,58
2008/5/12,51
2008/5/13,66
2008/5/14,60
2008/5/15,69
2008/5/16,59
2008/5/17,73
2008/5/18,71
2008/5/19,60
2008/5/20,66
2008/5/21,71
2008/5/22,60
2008/5/23,72
2008/5/24,72
2008/5/25,71
2008/5/26,80
2008/5/27,83
2008/5/28,68
2008/5/29,77
2008/5/30,66
2008/5/31,76
2008/6/1,82
2008/6/2,78
2008/6/3,86
2008/6/4,70
2008/6/5,59
2008/6/6,61
2008/6/7,92
2008/6/8,93
2008/6/9,95
2008/6/10,95
2008/6/11,87
2008/6/12,81
2008/6/13,78
2008/6/14,75
2008/6/15,64
2008/6/16,67
2008/6/17,80
2008/6/18,74
2008/6/19,75
2008/6/20,80
2008/6/21,83
2008/6/22,84
2008/6/23,73
2008/6/24,78
2008/6/25,83
2008/6/26,82
2008/6/27,85
2008/6/28,69
2008/6/29,75
2008/6/30,88
2008/7/1,88
2008/7/2,80
2008/7/3,88
2008/7/4,72
2008/7/5,69
2008/7/6,79
2008/7/7,87
2008/7/8,90
2008/7/9,90
2008/7/10,84
2008/7/11,77
2008/7/12,83
2008/7/13,84
2008/7/14,84
2008/7/15,88
2008/7/16,82
2008/7/17,85
2008/7/18,92
2008/7/19,95
2008/7/20,82
2008/7/21,84
2008/7/22,73
2008/7/23,71
2008/7/24,83
2008/7/25,77
2008/7/26,85
2008/7/27,80
2008/7/28,85
2008/7/29,86
2008/7/30,80
2008/7/31,85
2008/8/1,80
2008/8/2,75
2008/8/3,80
2008/8/4,83
2008/8/5,71
2008/8/6,66
2008/8/7,71
2008/8/8,74
2008/8/9,77
2008/8/10,76
2008/8/11,68
2008/8/12,75
2008/8/13,80
2008/8/14,75
2008/8/15,75
2008/8/16,81
2008/8/17,82
2008/8/18,87
2008/8/19,79
2008/8/20,75
2008/8/21,78
2008/8/22,79
2008/8/23,78
2008/8/24,76
2008/8/25,84
2008/8/26,75
2008/8/27,73
2008/8/28,74
2008/8/29,75
2008/8/30,79
2008/8/31,82
2008/9/1,84
2008/9/2,76
2008/9/3,75
2008/9/4,88
2008/9/5,89
2008/9/6,83
2008/9/7,80
2008/9/8,79
2008/9/9,77
2008/9/10,70
2008/9/11,68
2008/9/12,68
2008/9/13,73
2008/9/14,73
2008/9/15,82
2008/9/16,65
2008/9/17,67
2008/9/18,68
2008/9/19,58
2008/9/20,62
2008/9/21,75
2008/9/22,61
2008/9/23,62
2008/9/24,63
2008/9/25,65
2008/9/26,63
2008/9/27,68
2008/9/28,71
2008/9/29,69
2008/9/30,64
2008/10/1,68
2008/10/2,64
2008/10/3,64
2008/10/4,63
2008/10/5,56
2008/10/6,60
2008/10/7,66
2008/10/8,71
2008/10/9,74
2008/10/10,71
2008/10/11,70
2008/10/12,65
2008/10/13,62
2008/10/14,67
2008/10/15,63
2008/10/16,70
2008/10/17,60
2008/10/18,53
2008/10/19,50
2008/10/20,56
2008/10/21,59
2008/10/22,48
2008/10/23,48
2008/10/24,63
2008/10/25,66
2008/10/26,66
2008/10/27,61
2008/10/28,54
2008/10/29,46
2008/10/30,46
2008/10/31,63
2008/11/1,61
2008/11/2,44
2008/11/3,52
2008/11/4,66
2008/11/5,59
2008/11/6,58
2008/11/7,59
2008/11/8,62
2008/11/9,59
2008/11/10,53
2008/11/11,50
2008/11/12,48
2008/11/13,50
2008/11/14,59
2008/11/15,70
2008/11/16,66
2008/11/17,48
2008/11/18,40
2008/11/19,33
2008/11/20,35
2008/11/21,35
2008/11/22,29
2008/11/23,33
2008/11/24,44
2008/11/25,51
2008/11/26,45
2008/11/27,45
2008/11/28,46
2008/11/29,45
2008/11/30,45
2008/12/1,60
2008/12/2,48
2008/12/3,46
2008/12/4,55
2008/12/5,42
2008/12/6,37
2008/12/7,37
2008/12/8,25
2008/12/9,56
2008/12/10,63
2008/12/11,40
2008/12/12,48
2008/12/13,32
2008/12/14,43
2008/12/15,63
2008/12/16,61
2008/12/17,42
2008/12/18,40
2008/12/19,34
2008/12/20,20
2008/12/21,36
2008/12/22,27
2008/12/23,28
2008/12/24,52
2008/12/25,55
2008/12/26,36
2008/12/27,49
2008/12/28,62
2008/12/29,44
2008/12/30,40
2008/12/31,28
2009/1/1,19
2009/1/2,34
2009/1/3,34
2009/1/4,38
2009/1/5,39
2009/1/6,35
2009/1/7,39
2009/1/8,40
2009/1/9,28
2009/1/10,26
2009/1/11,33
2009/1/12,29
2009/1/13,36
2009/1/14,37
2009/1/15,17
2009/1/16,18
2009/1/17,19
2009/1/18,32
2009/1/19,33
2009/1/20,32
2009/1/21,25
2009/1/22,33
2009/1/23,39
2009/1/24,40
2009/1/25,24
2009/1/26,24
2009/1/27,28
2009/1/28,37
2009/1/29,36
2009/1/30,36
2009/1/31,28
2009/2/1,45
2009/2/2,48
2009/2/3,35
2009/2/4,26
2009/2/5,20
2009/2/6,27
2009/2/7,42
2009/2/8,51
2009/2/9,39
2009/2/10,37
2009/2/11,58
2009/2/12,53
2009/2/13,42
2009/2/14,42
2009/2/15,41
2009/2/16,35
2009/2/17,37
2009/2/18,42
2009/2/19,48
2009/2/20,30
2009/2/21,39
2009/2/22,42
2009/2/23,34
2009/2/24,37
2009/2/25,36
2009/2/26,48
2009/2/27,60
2009/2/28,52
2009/3/1,30
2009/3/2,25
2009/3/3,26
2009/3/4,32
2009/3/5,39
2009/3/6,50
2009/3/7,61
2009/3/8,59
2009/3/9,41
2009/3/10,41
2009/3/11,53
2009/3/12,42
2009/3/13,33
2009/3/14,52
2009/3/15,52
2009/3/16,39
2009/3/17,42
2009/3/18,61
2009/3/19,49
2009/3/20,40
2009/3/21,39
2009/3/22,52
2009/3/23,34
2009/3/24,46
2009/3/25,46
2009/3/26,53
2009/3/27,49
2009/3/28,47
2009/3/29,45
2009/3/30,46
2009/3/31,49
2009/4/1,45
2009/4/2,51
2009/4/3,56
2009/4/4,53
2009/4/5,59
2009/4/6,51
2009/4/7,53
2009/4/8,47
2009/4/9,61
2009/4/10,66
2009/4/11,46
2009/4/12,44
2009/4/13,54
2009/4/14,52
2009/4/15,50
2009/4/16,49
2009/4/17,70
2009/4/18,65
2009/4/19,51
2009/4/20,48
2009/4/21,58
2009/4/22,62
2009/4/23,57
2009/4/24,70
2009/4/25,83
2009/4/26,87
2009/4/27,64
2009/4/28,93
2009/4/29,59
2009/4/30,70
2009/5/1,68
2009/5/2,70
2009/5/3,62
2009/5/4,64
2009/5/5,54
2009/5/6,61
2009/5/7,71
2009/5/8,76
2009/5/9,72
2009/5/10,68
2009/5/11,59
2009/5/12,59
2009/5/13,69
2009/5/14,64
2009/5/15,70
2009/5/16,66
2009/5/17,65
2009/5/18,53
2009/5/19,65
2009/5/20,80
2009/5/21,92
2009/5/22,89
2009/5/23,69
2009/5/24,81
2009/5/25,78
2009/5/26,55
2009/5/27,52
2009/5/28,51
2009/5/29,59
2009/5/30,78
2009/5/31,80
2009/6/1,71
2009/6/2,79
2009/6/3,71
2009/6/4,71
2009/6/5,64
2009/6/6,68
2009/6/7,83
2009/6/8,67
2009/6/9,62
2009/6/10,60
2009/6/11,58
2009/6/12,74
2009/6/13,69
2009/6/14,63
2009/6/15,62
2009/6/16,62
2009/6/17,75
2009/6/18,68
2009/6/19,72
2009/6/20,75
2009/6/21,64
2009/6/22,64
2009/6/23,67
2009/6/24,64
2009/6/25,74
2009/6/26,84
2009/6/27,77
2009/6/28,68
2009/6/29,75
2009/6/30,65
2009/7/1,63
2009/7/2,65
2009/7/3,75
2009/7/4,80
2009/7/5,81
2009/7/6,75
2009/7/7,66
2009/7/8,66
2009/7/9,65
2009/7/10,73
2009/7/11,79
2009/7/12,82
2009/7/13,78
2009/7/14,76
2009/7/15,82
2009/7/16,81
2009/7/17,85
2009/7/18,85
2009/7/19,83
2009/7/20,76
2009/7/21,67
2009/7/22,78
2009/7/23,72
2009/7/24,73
2009/7/25,85
2009/7/26,86
2009/7/27,87
2009/7/28,86
2009/7/29,83
2009/7/30,86
2009/7/31,81
2009/8/1,79
2009/8/2,78
2009/8/3,82
2009/8/4,83
2009/8/5,89
2009/8/6,77
2009/8/7,82
2009/8/8,74
2009/8/9,76
2009/8/10,89
2009/8/11,85
2009/8/12,70
2009/8/13,70
2009/8/14,80
2009/8/15,87
2009/8/16,87
2009/8/17,94
2009/8/18,95
2009/8/19,91
2009/8/20,80
2009/8/21,90
2009/8/22,87
2009/8/23,87
2009/8/24,78
2009/8/25,77
2009/8/26,86
2009/8/27,74
2009/8/28,70
2009/8/29,66
2009/8/30,72
2009/8/31,71
2009/9/1,69
2009/9/2,73
2009/9/3,75
2009/9/4,74
2009/9/5,76
2009/9/6,65
2009/9/7,67
2009/9/8,73
2009/9/9,70
2009/9/10,66
2009/9/11,64
2009/9/12,65
2009/9/13,80
2009/9/14,76
2009/9/15,77
2009/9/16,63
2009/9/17,61
2009/9/18,74
2009/9/19,67
2009/9/20,73
2009/9/21,70
2009/9/22,76
2009/9/23,81
2009/9/24,80
2009/9/25,66
2009/9/26,60
2009/9/27,67
2009/9/28,75
2009/9/29,69
2009/9/30,61
2009/10/1,57
2009/10/2,61
2009/10/3,63
2009/10/4,69
2009/10/5,67
2009/10/6,67
2009/10/7,69
2009/10/8,63
2009/10/9,61
2009/10/10,65
2009/10/11,61
2009/10/12,54
2009/10/13,53
2009/10/14,52
2009/10/15,43
2009/10/16,45
2009/10/17,49
2009/10/18,49
2009/10/19,54
2009/10/20,65
2009/10/21,68
2009/10/22,67
2009/10/23,57
2009/10/24,69
2009/10/25,65
2009/10/26,57
2009/10/27,52
2009/10/28,51
2009/10/29,49
2009/10/30,55
2009/10/31,73
2009/11/1,60
2009/11/2,52
2009/11/3,58
2009/11/4,51
2009/11/5,47
2009/11/6,50
2009/11/7,50
2009/11/8,68
2009/11/9,69
2009/11/10,65
2009/11/11,53
2009/11/12,52
2009/11/13,52
2009/11/14,55
2009/11/15,64
2009/11/16,59
2009/11/17,49
2009/11/18,50
2009/11/19,54
2009/11/20,67
2009/11/21,58
2009/11/22,51
2009/11/23,49
2009/11/24,49
2009/11/25,50
2009/11/26,51
2009/11/27,47
2009/11/28,53
2009/11/29,54
2009/11/30,56
2009/12/1,43
2009/12/2,53
2009/12/3,69
2009/12/4,54
2009/12/5,45
2009/12/6,37
2009/12/7,39
2009/12/8,41
2009/12/9,48
2009/12/10,44
2009/12/11,31
2009/12/12,33
2009/12/13,47
2009/12/14,43
2009/12/15,48
2009/12/16,40
2009/12/17,28
2009/12/18,28
2009/12/19,33
2009/12/20,30
2009/12/21,32
2009/12/22,31
2009/12/23,25
2009/12/24,40
2009/12/25,37
2009/12/26,43
2009/12/27,54
2009/12/28,42
2009/12/29,31
2009/12/30,29
2009/12/31,32
2010/1/1,35
2010/1/2,30
2010/1/3,31
2010/1/4,35
2010/1/5,34
2010/1/6,34
2010/1/7,41
2010/1/8,29
2010/1/9,27
2010/1/10,28
2010/1/11,36
2010/1/12,34
2010/1/13,30
2010/1/14,33
2010/1/15,46
2010/1/16,48
2010/1/17,41
2010/1/18,34
2010/1/19,36
2010/1/20,37
2010/1/21,41
2010/1/22,37
2010/1/23,33
2010/1/24,41
2010/1/25,57
2010/1/26,52
2010/1/27,43
2010/1/28,37
2010/1/29,21
2010/1/30,22
2010/1/31,29
2010/2/1,35
2010/2/2,31
2010/2/3,33
2010/2/4,34
2010/2/5,35
2010/2/6,25
2010/2/7,34
2010/2/8,33
2010/2/9,41
2010/2/10,36
2010/2/11,40
2010/2/12,39
2010/2/13,38
2010/2/14,41
2010/2/15,40
2010/2/16,34
2010/2/17,37
2010/2/18,46
2010/2/19,43
2010/2/20,50
2010/2/21,42
2010/2/22,46
2010/2/23,40
2010/2/24,42
2010/2/25,45
2010/2/26,44
2010/2/27,40
2010/2/28,38
2010/3/1,48
2010/3/2,43
2010/3/3,38
2010/3/4,36
2010/3/5,42
2010/3/6,57
2010/3/7,57
2010/3/8,59
2010/3/9,53
2010/3/10,44
2010/3/11,45
2010/3/12,44
2010/3/13,41
2010/3/14,44
2010/3/15,44
2010/3/16,50
2010/3/17,65
2010/3/18,66
2010/3/19,61
2010/3/20,72
2010/3/21,54
2010/3/22,43
2010/3/23,46
2010/3/24,52
2010/3/25,65
2010/3/26,53
2010/3/27,34
2010/3/28,48
2010/3/29,54
2010/3/30,50
2010/3/31,47
2010/4/1,55
2010/4/2,55
2010/4/3,76
2010/4/4,77
2010/4/5,72
2010/4/6,67
2010/4/7,90
2010/4/8,60
2010/4/9,58
2010/4/10,58
2010/4/11,70
2010/4/12,61
2010/4/13,50
2010/4/14,66
2010/4/15,60
2010/4/16,44
2010/4/17,43
2010/4/18,51
2010/4/19,61
2010/4/20,69
2010/4/21,69
2010/4/22,68
2010/4/23,61
2010/4/24,63
2010/4/25,62
2010/4/26,53
2010/4/27,50
2010/4/28,47
2010/4/29,62
2010/4/30,76
2010/5/1,71
2010/5/2,87
2010/5/3,83
2010/5/4,82
2010/5/5,78
2010/5/6,78
2010/5/7,73
2010/5/8,61
2010/5/9,55
2010/5/10,59
2010/5/11,54
2010/5/12,53
2010/5/13,68
2010/5/14,68
2010/5/15,71
2010/5/16,74
2010/5/17,73
2010/5/18,62
2010/5/19,57
2010/5/20,84
2010/5/21,69
2010/5/22,74
2010/5/23,64
2010/5/24,81
2010/5/25,85
2010/5/26,94
2010/5/27,70
2010/5/28,69
2010/5/29,79
2010/5/30,82
2010/5/31,74
2010/6/1,85
2010/6/2,73
2010/6/3,84
2010/6/4,76
2010/6/5,85
2010/6/6,82
2010/6/7,74
2010/6/8,72
2010/6/9,71
2010/6/10,59
2010/6/11,66
2010/6/12,70
2010/6/13,66
2010/6/14,72
2010/6/15,70
2010/6/16,78
2010/6/17,74
2010/6/18,88
2010/6/19,84
2010/6/20,90
2010/6/21,85
2010/6/22,76
2010/6/23,87
2010/6/24,94
2010/6/25,79
2010/6/26,86
2010/6/27,76
2010/6/28,94
2010/6/29,91
2010/6/30,78
2010/7/1,76
2010/7/2,76
2010/7/3,87
2010/7/4,95
2010/7/5,89
2010/7/6,100
2010/7/7,83
2010/7/8,88
2010/7/9,91
2010/7/10,88
2010/7/11,83
2010/7/12,88
2010/7/13,86
2010/7/14,79
2010/7/15,75
2010/7/16,91
2010/7/17,93
2010/7/18,91
2010/7/19,87
2010/7/20,80
2010/7/21,88
2010/7/22,86
2010/7/23,82
2010/7/24,80
2010/7/25,90
2010/7/26,85
2010/7/27,92
2010/7/28,91
2010/7/29,90
2010/7/30,77
2010/7/31,72
2010/8/1,77
2010/8/2,80
2010/8/3,87
2010/8/4,92
2010/8/5,90
2010/8/6,87
2010/8/7,81
2010/8/8,87
2010/8/9,93
2010/8/10,84
2010/8/11,76
2010/8/12,75
2010/8/13,73
2010/8/14,77
2010/8/15,82
2010/8/16,80
2010/8/17,92
2010/8/18,81
2010/8/19,82
2010/8/20,86
2010/8/21,73
2010/8/22,70
2010/8/23,65
2010/8/24,63
2010/8/25,65
2010/8/26,83
2010/8/27,79
2010/8/28,82
2010/8/29,94
2010/8/30,92
2010/8/31,96
2010/9/1,94
2010/9/2,95
2010/9/3,82
2010/9/4,83
2010/9/5,75
2010/9/6,77
2010/9/7,86
2010/9/8,84
2010/9/9,74
2010/9/10,70
2010/9/11,69
2010/9/12,65
2010/9/13,67
2010/9/14,75
2010/9/15,70
2010/9/16,71
2010/9/17,71
2010/9/18,65
2010/9/19,73
2010/9/20,72
2010/9/21,72
2010/9/22,87
2010/9/23,76
2010/9/24,84
2010/9/25,88
2010/9/26,69
2010/9/27,61
2010/9/28,78
2010/9/29,83
2010/9/30,81
2010/10/1,84
2010/10/2,67
2010/10/3,59
2010/10/4,59
2010/10/5,58
2010/10/6,59
2010/10/7,66
2010/10/8,73
2010/10/9,64
2010/10/10,66
2010/10/11,69
2010/10/12,62
2010/10/13,60
2010/10/14,60
2010/10/15,58
2010/10/16,58
2010/10/17,66
2010/10/18,60
2010/10/19,59
2010/10/20,62
2010/10/21,60
2010/10/22,51
2010/10/23,59
2010/10/24,52
2010/10/25,65
2010/10/26,73
2010/10/27,72
2010/10/28,78
2010/10/29,58
2010/10/30,57
2010/10/31,58
2010/11/1,51
2010/11/2,49
2010/11/3,51
2010/11/4,52
2010/11/5,62
2010/11/6,50
2010/11/7,45
2010/11/8,50
2010/11/9,53
2010/11/10,48
2010/11/11,50
2010/11/12,56
2010/11/13,61
2010/11/14,52
2010/11/15,52
2010/11/16,53
2010/11/17,64
2010/11/18,54
2010/11/19,45
2010/11/20,54
2010/11/21,39
2010/11/22,56
2010/11/23,62
2010/11/24,51
2010/11/25,41
2010/11/26,47
2010/11/27,43
2010/11/28,45
2010/11/29,46
2010/11/30,49
2010/12/1,56
2010/12/2,51
2010/12/3,41
2010/12/4,43
2010/12/5,36
2010/12/6,35
2010/12/7,37
2010/12/8,34
2010/12/9,29
2010/12/10,28
2010/12/11,45
2010/12/12,53
2010/12/13,57
2010/12/14,37
2010/12/15,23
2010/12/16,34
2010/12/17,36
2010/12/18,38
2010/12/19,37
2010/12/20,33
2010/12/21,41
2010/12/22,39
2010/12/23,40
2010/12/24,38
2010/12/25,31
2010/12/26,32
2010/12/27,30
2010/12/28,35
2010/12/29,38
2010/12/30,43
2010/12/31,50
2011/1/1,56
2011/1/2,51
2011/1/3,38
2011/1/4,39
2011/1/5,39
2011/1/6,32
2011/1/7,35
2011/1/8,33
2011/1/9,35
2011/1/10,35
2011/1/11,31
2011/1/12,35
2011/1/13,31
2011/1/14,25
2011/1/15,33
2011/1/16,35
2011/1/17,21
2011/1/18,40
2011/1/19,39
2011/1/20,32
2011/1/21,30
2011/1/22,26
2011/1/23,24
2011/1/24,13
2011/1/25,32
2011/1/26,34
2011/1/27,35
2011/1/28,33
2011/1/29,37
2011/1/30,36
2011/1/31,26
2011/2/1,22
2011/2/2,36
2011/2/3,28
2011/2/4,33
2011/2/5,40
2011/2/6,42
2011/2/7,42
2011/2/8,39
2011/2/9,31
2011/2/10,28
2011/2/11,29
2011/2/12,39
2011/2/13,37
2011/2/14,52
2011/2/15,35
2011/2/16,41
2011/2/17,60
2011/2/18,60
2011/2/19,49
2011/2/20,36
2011/2/21,30
2011/2/22,38
2011/2/23,41
2011/2/24,44
2011/2/25,39
2011/2/26,37
2011/2/27,32
2011/2/28,46
2011/3/1,40
2011/3/2,48
2011/3/3,29
2011/3/4,38
2011/3/5,55
2011/3/6,61
2011/3/7,57
2011/3/8,39
2011/3/9,37
2011/3/10,40
2011/3/11,51
2011/3/12,52
2011/3/13,49
2011/3/14,42
2011/3/15,43
2011/3/16,44
2011/3/17,63
2011/3/18,70
2011/3/19,48
2011/3/20,40
2011/3/21,41
2011/3/22,44
2011/3/23,40
2011/3/24,39
2011/3/25,45
2011/3/26,41
2011/3/27,45
2011/3/28,48
2011/3/29,49
2011/3/30,55
2011/3/31,44
2011/4/1,40
2011/4/2,53
2011/4/3,55
2011/4/4,50
2011/4/5,64
2011/4/6,54
2011/4/7,46
2011/4/8,48
2011/4/9,61
2011/4/10,65
2011/4/11,72
2011/4/12,66
2011/4/13,49
2011/4/14,65
2011/4/15,47
2011/4/16,46
2011/4/17,63
2011/4/18,61
2011/4/19,52
2011/4/20,46
2011/4/21,56
2011/4/22,50
2011/4/23,55
2011/4/24,75
2011/4/25,57
2011/4/26,54
2011/4/27,78
2011/4/28,70
2011/4/29,75
2011/4/30,61
2011/5/1,55
2011/5/2,62
2011/5/3,72
2011/5/4,67
2011/5/5,60
2011/5/6,72
2011/5/7,70
2011/5/8,57
2011/5/9,68
2011/5/10,57
2011/5/11,65
2011/5/12,60
2011/5/13,59
2011/5/14,59
2011/5/15,57
2011/5/16,50
2011/5/17,51
2011/5/18,53
2011/5/19,61
2011/5/20,65
2011/5/21,62
2011/5/22,53
2011/5/23,65
2011/5/24,82
2011/5/25,74
2011/5/26,81
2011/5/27,87
2011/5/28,75
2011/5/29,85
2011/5/30,87
2011/5/31,74
2011/6/1,82
2011/6/2,75
2011/6/3,71
2011/6/4,64
2011/6/5,63
2011/6/6,70
2011/6/7,82
2011/6/8,84
2011/6/9,92
2011/6/10,76
2011/6/11,65
2011/6/12,58
2011/6/13,64
2011/6/14,60
2011/6/15,69
2011/6/16,89
2011/6/17,75
2011/6/18,83
2011/6/19,80
2011/6/20,83
2011/6/21,76
2011/6/22,71
2011/6/23,65
2011/6/24,61
2011/6/25,63
2011/6/26,76
2011/6/27,78
2011/6/28,81
2011/6/29,85
2011/6/30,82
2011/7/1,78
2011/7/2,76
2011/7/3,82
2011/7/4,90
2011/7/5,88
2011/7/6,92
2011/7/7,88
2011/7/8,75
2011/7/9,86
2011/7/10,86
2011/7/11,93
2011/7/12,95
2011/7/13,87
2011/7/14,73
2011/7/15,79
2011/7/16,85
2011/7/17,93
2011/7/18,86
2011/7/19,89
2011/7/20,91
2011/7/21,97
2011/7/22,103
2011/7/23,92
2011/7/24,84
2011/7/25,74
2011/7/26,78
2011/7/27,84
2011/7/28,75
2011/7/29,79
2011/7/30,89
2011/7/31,91
2011/8/1,93
2011/8/2,92
2011/8/3,74
2011/8/4,76
2011/8/5,75
2011/8/6,88
2011/8/7,77
2011/8/8,80
2011/8/9,76
2011/8/10,78
2011/8/11,82
2011/8/12,83
2011/8/13,82
2011/8/14,77
2011/8/15,69
2011/8/16,74
2011/8/17,84
2011/8/18,88
2011/8/19,88
2011/8/20,84
2011/8/21,86
2011/8/22,80
2011/8/23,79
2011/8/24,81
2011/8/25,87
2011/8/26,84
2011/8/27,79
2011/8/28,76
2011/8/29,80
2011/8/30,77
2011/8/31,81
2011/9/1,71
2011/9/2,68
2011/9/3,86
2011/9/4,85
2011/9/5,87
2011/9/6,74
2011/9/7,63
2011/9/8,64
2011/9/9,81
2011/9/10,71
2011/9/11,70
2011/9/12,82
2011/9/13,85
2011/9/14,86
2011/9/15,83
2011/9/16,65
2011/9/17,62
2011/9/18,66
2011/9/19,65
2011/9/20,67
2011/9/21,75
2011/9/22,73
2011/9/23,73
2011/9/24,80
2011/9/25,78
2011/9/26,76
2011/9/27,73
2011/9/28,70
2011/9/29,72
2011/9/30,77
2011/10/1,71
2011/10/2,65
2011/10/3,68
2011/10/4,68
2011/10/5,69
2011/10/6,66
2011/10/7,62
2011/10/8,82
2011/10/9,87
2011/10/10,85
2011/10/11,66
2011/10/12,62
2011/10/13,63
2011/10/14,67
2011/10/15,68
2011/10/16,66
2011/10/17,66
2011/10/18,68
2011/10/19,59
2011/10/20,69
2011/10/21,64
2011/10/22,63
2011/10/23,58
2011/10/24,63
2011/10/25,62
2011/10/26,50
2011/10/27,49
2011/10/28,49
2011/10/29,49
2011/10/30,48
2011/10/31,52
2011/11/1,54
2011/11/2,54
2011/11/3,63
2011/11/4,53
2011/11/5,49
2011/11/6,59
2011/11/7,65
2011/11/8,69
2011/11/9,67
2011/11/10,60
2011/11/11,58
2011/11/12,53
2011/11/13,63
2011/11/14,68
2011/11/15,67
2011/11/16,59
2011/11/17,56
2011/11/18,45
2011/11/19,53
2011/11/20,66
2011/11/21,59
2011/11/22,46
2011/11/23,48
2011/11/24,46
2011/11/25,61
2011/11/26,63
2011/11/27,55
2011/11/28,67
2011/11/29,66
2011/11/30,64
2011/12/1,49
2011/12/2,50
2011/12/3,45
2011/12/4,53
2011/12/5,63
2011/12/6,61
2011/12/7,59
2011/12/8,46
2011/12/9,52
2011/12/10,47
2011/12/11,38
2011/12/12,49
2011/12/13,47
2011/12/14,43
2011/12/15,54
2011/12/16,54
2011/12/17,41
2011/12/18,28
2011/12/19,45
2011/12/20,45
2011/12/21,58
2011/12/22,57
2011/12/23,47
2011/12/24,31
2011/12/25,42
2011/12/26,43
2011/12/27,56
2011/12/28,57
2011/12/29,33
2011/12/30,44
2011/12/31,40
2012/1/1,52
2012/1/2,50
2012/1/3,35
2012/1/4,28
2012/1/5,39
2012/1/6,48
2012/1/7,60
2012/1/8,45
2012/1/9,40
2012/1/10,47
2012/1/11,38
2012/1/12,42
2012/1/13,54
2012/1/14,34
2012/1/15,19
2012/1/16,34
2012/1/17,48
2012/1/18,52
2012/1/19,33
2012/1/20,32
2012/1/21,23
2012/1/22,30
2012/1/23,47
2012/1/24,56
2012/1/25,43
2012/1/26,41
2012/1/27,46
2012/1/28,46
2012/1/29,43
2012/1/30,40
2012/1/31,47
2012/2/1,59
2012/2/2,45
2012/2/3,39
2012/2/4,43
2012/2/5,36
2012/2/6,50
2012/2/7,46
2012/2/8,38
2012/2/9,47
2012/2/10,50
2012/2/11,39
2012/2/12,30
2012/2/13,41
2012/2/14,44
2012/2/15,43
2012/2/16,45
2012/2/17,53
2012/2/18,47
2012/2/19,46
2012/2/20,41
2012/2/21,44
2012/2/22,57
2012/2/23,55
2012/2/24,42
2012/2/25,45
2012/2/26,41
2012/2/27,52
2012/2/28,48
2012/2/29,36
2012/3/1,37
2012/3/2,35
2012/3/3,47
2012/3/4,42
2012/3/5,38
2012/3/6,39
2012/3/7,62
2012/3/8,68
2012/3/9,61
2012/3/10,40
2012/3/11,58
2012/3/12,71
2012/3/13,71
2012/3/14,57
2012/3/15,42
2012/3/16,46
2012/3/17,49
2012/3/18,74
2012/3/19,74
2012/3/20,67
2012/3/21,78
2012/3/22,83
2012/3/23,76
2012/3/24,59
2012/3/25,48
2012/3/26,50
2012/3/27,49
2012/3/28,50
2012/3/29,46
2012/3/30,51
2012/3/31,43
2012/4/1,51
2012/4/2,53
2012/4/3,59
2012/4/4,64
2012/4/5,52
2012/4/6,53
2012/4/7,52
2012/4/8,50
2012/4/9,58
2012/4/10,63
2012/4/11,54
2012/4/12,56
2012/4/13,65
2012/4/14,71
2012/4/15,77
2012/4/16,87
2012/4/17,84
2012/4/18,62
2012/4/19,66
2012/4/20,77
2012/4/21,78
2012/4/22,62
2012/4/23,63
2012/4/24,58
2012/4/25,62
2012/4/26,63
2012/4/27,57
2012/4/28,60
2012/4/29,59
2012/4/30,54
2012/5/1,50
2012/5/2,52
2012/5/3,50
2012/5/4,56
2012/5/5,58
2012/5/6,54
2012/5/7,59
2012/5/8,58
2012/5/9,63
2012/5/10,67
2012/5/11,64
2012/5/12,80
2012/5/13,80
2012/5/14,64
2012/5/15,73
2012/5/16,73
2012/5/17,70
2012/5/18,65
2012/5/19,66
2012/5/20,71
2012/5/21,59
2012/5/22,63
2012/5/23,71
2012/5/24,71
2012/5/25,74
2012/5/26,86
2012/5/27,72
2012/5/28,69
2012/5/29,67
2012/5/30,75
2012/5/31,83
2012/6/1,65
2012/6/2,62
2012/6/3,62
2012/6/4,53
2012/6/5,56
2012/6/6,61
2012/6/7,65
2012/6/8,79
2012/6/9,79
2012/6/10,76
2012/6/11,74
2012/6/12,74
2012/6/13,65
2012/6/14,68
2012/6/15,69
2012/6/16,65
2012/6/17,63
2012/6/18,64
2012/6/19,76
2012/6/20,97
2012/6/21,96
2012/6/22,95
2012/6/23,81
2012/6/24,84
2012/6/25,73
2012/6/26,73
2012/6/27,77
2012/6/28,83
2012/6/29,89
2012/6/30,90
2012/7/1,91
2012/7/2,84
2012/7/3,86
2012/7/4,84
2012/7/5,83
2012/7/6,80
2012/7/7,86
2012/7/8,89
2012/7/9,84
2012/7/10,83
2012/7/11,80
2012/7/12,86
2012/7/13,90
2012/7/14,91
2012/7/15,91
2012/7/16,88
2012/7/17,97
2012/7/18,89
2012/7/19,74
2012/7/20,71
2012/7/21,74
2012/7/22,84
2012/7/23,86
2012/7/24,91
2012/7/25,83
2012/7/26,84
2012/7/27,77
2012/7/28,72
2012/7/29,73
2012/7/30,81
2012/7/31,73
2012/8/1,78
2012/8/2,86
2012/8/3,92
2012/8/4,82
2012/8/5,88
2012/8/6,85
2012/8/7,77
2012/8/8,83
2012/8/9,83
2012/8/10,84
2012/8/11,81
2012/8/12,84
2012/8/13,86
2012/8/14,83
2012/8/15,84
2012/8/16,85
2012/8/17,86
2012/8/18,72
2012/8/19,73
2012/8/20,75
2012/8/21,83
2012/8/22,78
2012/8/23,87
2012/8/24,78
2012/8/25,77
2012/8/26,76
2012/8/27,85
2012/8/28,86
2012/8/29,75
2012/8/30,83
2012/8/31,90
2012/9/1,80
2012/9/2,73
2012/9/3,72
2012/9/4,73
2012/9/5,82
2012/9/6,79
2012/9/7,82
2012/9/8,82
2012/9/9,75
2012/9/10,69
2012/9/11,73
2012/9/12,73
2012/9/13,82
2012/9/14,81
2012/9/15,74
2012/9/16,71
2012/9/17,70
2012/9/18,75
2012/9/19,72
2012/9/20,62
2012/9/21,63
2012/9/22,67
2012/9/23,71
2012/9/24,67
2012/9/25,73
2012/9/26,74
2012/9/27,69
2012/9/28,58
2012/9/29,57
2012/9/30,59
2012/10/1,68
2012/10/2,71
2012/10/3,64
2012/10/4,62
2012/10/5,76
2012/10/6,78
2012/10/7,58
2012/10/8,56
2012/10/9,58
2012/10/10,62
2012/10/11,59
2012/10/12,54
2012/10/13,53
2012/10/14,67
2012/10/15,74
2012/10/16,63
2012/10/17,56
2012/10/18,60
2012/10/19,68
2012/10/20,74
2012/10/21,64
2012/10/22,68
2012/10/23,67
2012/10/24,55
2012/10/25,59
2012/10/26,66
2012/10/27,60
2012/10/28,56
2012/10/29,61
2012/10/30,63
2012/10/31,56
2012/11/1,57
2012/11/2,52
2012/11/3,53
2012/11/4,53
2012/11/5,45
2012/11/6,41
2012/11/7,45
2012/11/8,40
2012/11/9,53
2012/11/10,55
2012/11/11,61
2012/11/12,66
2012/11/13,63
2012/11/14,45
2012/11/15,41
2012/11/16,45
2012/11/17,47
2012/11/18,47
2012/11/19,48
2012/11/20,48
2012/11/21,49
2012/11/22,50
2012/11/23,49
2012/11/24,48
2012/11/25,40
2012/11/26,46
2012/11/27,39
2012/11/28,36
2012/11/29,43
2012/11/30,38
2012/12/1,32
2012/12/2,52
2012/12/3,59
2012/12/4,57
2012/12/5,57
2012/12/6,41
2012/12/7,44
2012/12/8,47
2012/12/9,49
2012/12/10,60
2012/12/11,56
2012/12/12,40
2012/12/13,42
2012/12/14,49
2012/12/15,40
2012/12/16,39
2012/12/17,45
2012/12/18,50
2012/12/19,45
2012/12/20,43
2012/12/21,52
2012/12/22,38
2012/12/23,38
2012/12/24,40
2012/12/25,35
2012/12/26,39
2012/12/27,47
2012/12/28,37
2012/12/29,37
2012/12/30,30
2012/12/31,34
2013/1/1,37
2013/1/2,30
2013/1/3,25
2013/1/4,38
2013/1/5,42
2013/1/6,43
2013/1/7,39
2013/1/8,46
2013/1/9,46
2013/1/10,47
2013/1/11,40
2013/1/12,44
2013/1/13,51
2013/1/14,61
2013/1/15,42
2013/1/16,36
2013/1/17,42
2013/1/18,30
2013/1/19,49
2013/1/20,54
2013/1/21,30
2013/1/22,25
2013/1/23,17
2013/1/24,21
2013/1/25,24
2013/1/26,25
2013/1/27,32
2013/1/28,31
2013/1/29,34
2013/1/30,60
2013/1/31,60
2013/2/1,34
2013/2/2,30
2013/2/3,27
2013/2/4,31
2013/2/5,27
2013/2/6,40
2013/2/7,30
2013/2/8,34
2013/2/9,20
2013/2/10,36
2013/2/11,45
2013/2/12,44
2013/2/13,42
2013/2/14,42
2013/2/15,47
2013/2/16,38
2013/2/17,32
2013/2/18,33
2013/2/19,45
2013/2/20,43
2013/2/21,33
2013/2/22,38
2013/2/23,38
2013/2/24,38
2013/2/25,41
2013/2/26,41
2013/2/27,40
2013/2/28,44
2013/3/1,41
2013/3/2,42
2013/3/3,43
2013/3/4,41
2013/3/5,43
2013/3/6,41
2013/3/7,37
2013/3/8,42
2013/3/9,38
2013/3/10,37
2013/3/11,50
2013/3/12,53
2013/3/13,51
2013/3/14,39
2013/3/15,41
2013/3/16,40
2013/3/17,38
2013/3/18,33
2013/3/19,36
2013/3/20,39
2013/3/21,35
2013/3/22,40
2013/3/23,44
2013/3/24,48
2013/3/25,44
2013/3/26,50
2013/3/27,55
2013/3/28,48
2013/3/29,56
2013/3/30,54
2013/3/31,59
2013/4/1,62
2013/4/2,42
2013/4/3,47
2013/4/4,56
2013/4/5,57
2013/4/6,47
2013/4/7,54
2013/4/8,63
2013/4/9,73
2013/4/10,54
2013/4/11,49
2013/4/12,43
2013/4/13,51
2013/4/14,55
2013/4/15,49
2013/4/16,64
2013/4/17,66
2013/4/18,63
2013/4/19,75
2013/4/20,65
2013/4/21,50
2013/4/22,49
2013/4/23,43
2013/4/24,69
2013/4/25,66
2013/4/26,52
2013/4/27,56
2013/4/28,63
2013/4/29,68
2013/4/30,61
2013/5/1,60
2013/5/2,70
2013/5/3,53
2013/5/4,52
2013/5/5,53
2013/5/6,55
2013/5/7,72
2013/5/8,66
2013/5/9,63
2013/5/10,69
2013/5/11,72
2013/5/12,73
2013/5/13,60
2013/5/14,60
2013/5/15,67
2013/5/16,82
2013/5/17,70
2013/5/18,67
2013/5/19,63
2013/5/20,82
2013/5/21,66
2013/5/22,60
2013/5/23,77
2013/5/24,70
2013/5/25,54
2013/5/26,60
2013/5/27,73
2013/5/28,64
2013/5/29,70
2013/5/30,88
2013/5/31,94
2013/6/1,92
2013/6/2,88
2013/6/3,77
2013/6/4,73
2013/6/5,72
2013/6/6,69
2013/6/7,58
2013/6/8,79
2013/6/9,80
2013/6/10,69
2013/6/11,64
2013/6/12,71
2013/6/13,67
2013/6/14,74
2013/6/15,80
2013/6/16,77
2013/6/17,87
2013/6/18,71
2013/6/19,71
2013/6/20,77
2013/6/21,84
2013/6/22,85
2013/6/23,91
2013/6/24,95
2013/6/25,92
2013/6/26,84
2013/6/27,66
2013/6/28,81
2013/6/29,83
2013/6/30,84
2013/7/1,85
2013/7/2,82
2013/7/3,91
2013/7/4,94
2013/7/5,95
2013/7/6,93
2013/7/7,93
2013/7/8,85
2013/7/9,72
2013/7/10,86
2013/7/11,82
2013/7/12,74
2013/7/13,72
2013/7/14,93
2013/7/15,92
2013/7/16,93
2013/7/17,95
2013/7/18,91
2013/7/19,99
2013/7/20,96
2013/7/21,79
2013/7/22,76
2013/7/23,82
2013/7/24,88
2013/7/25,66
2013/7/26,72
2013/7/27,84
2013/7/28,75
2013/7/29,81
2013/7/30,84
2013/7/31,79
2013/8/1,82
2013/8/2,85
2013/8/3,80
2013/8/4,82
2013/8/5,78
2013/8/6,74
2013/8/7,79
2013/8/8,81
2013/8/9,76
2013/8/10,85
2013/8/11,81
2013/8/12,84
2013/8/13,73
2013/8/14,76
2013/8/15,78
2013/8/16,80
2013/8/17,74
2013/8/18,78
2013/8/19,84
2013/8/20,87
2013/8/21,89
2013/8/22,89
2013/8/23,78
2013/8/24,72
2013/8/25,83
2013/8/26,84
2013/8/27,76
2013/8/28,73
2013/8/29,67
2013/8/30,84
2013/8/31,82
2013/9/1,79
2013/9/2,81
2013/9/3,81
2013/9/4,82
2013/9/5,70
2013/9/6,71
2013/9/7,81
2013/9/8,78
2013/9/9,71
2013/9/10,77
2013/9/11,97
2013/9/12,88
2013/9/13,76
2013/9/14,68
2013/9/15,73
2013/9/16,70
2013/9/17,60
2013/9/18,75
2013/9/19,71
2013/9/20,71
2013/9/21,77
2013/9/22,73
2013/9/23,65
2013/9/24,68
2013/9/25,63
2013/9/26,63
2013/9/27,66
2013/9/28,69
2013/9/29,62
2013/9/30,65
2013/10/1,75
2013/10/2,82
2013/10/3,79
2013/10/4,67
2013/10/5,68
2013/10/6,62
2013/10/7,78
2013/10/8,68
2013/10/9,61
2013/10/10,61
2013/10/11,66
2013/10/12,61
2013/10/13,61
2013/10/14,61
2013/10/15,64
2013/10/16,62
2013/10/17,73
2013/10/18,70
2013/10/19,67
2013/10/20,64
2013/10/21,68
2013/10/22,71
2013/10/23,53
2013/10/24,56
2013/10/25,52
2013/10/26,57
2013/10/27,57
2013/10/28,60
2013/10/29,49
2013/10/30,53
2013/10/31,63
2013/11/1,72
2013/11/2,66
2013/11/3,53
2013/11/4,42
2013/11/5,48
2013/11/6,61
2013/11/7,68
2013/11/8,50
2013/11/9,47
2013/11/10,58
2013/11/11,53
2013/11/12,50
2013/11/13,38
2013/11/14,52
2013/11/15,62
2013/11/16,59
2013/11/17,55
2013/11/18,67
2013/11/19,50
2013/11/20,43
2013/11/21,48
2013/11/22,48
2013/11/23,50
2013/11/24,31
2013/11/25,34
2013/11/26,44
2013/11/27,62
2013/11/28,39
2013/11/29,35
2013/11/30,35
2013/12/1,47
2013/12/2,41
2013/12/3,49
2013/12/4,45
2013/12/5,57
2013/12/6,57
2013/12/7,42
2013/12/8,32
2013/12/9,43
2013/12/10,38
2013/12/11,32
2013/12/12,27
2013/12/13,30
2013/12/14,31
2013/12/15,38
2013/12/16,30
2013/12/17,28
2013/12/18,36
2013/12/19,43
2013/12/20,51
2013/12/21,54
2013/12/22,54
2013/12/23,40
2013/12/24,40
2013/12/25,28
2013/12/26,36
2013/12/27,35
2013/12/28,48
2013/12/29,44
2013/12/30,44
2013/12/31,26
2014/1/1,29
2014/1/2,26
2014/1/3,14
2014/1/4,27
2014/1/5,38
2014/1/6,56
2014/1/7,29
2014/1/8,22
2014/1/9,30
2014/1/10,37
2014/1/11,59
2014/1/12,54
2014/1/13,51
2014/1/14,50
2014/1/15,48
2014/1/16,39
2014/1/17,46
2014/1/18,38
2014/1/19,35
2014/1/20,41
2014/1/21,26
2014/1/22,18
2014/1/23,22
2014/1/24,19
2014/1/25,38
2014/1/26,26
2014/1/27,47
2014/1/28,21
2014/1/29,27
2014/1/30,30
2014/1/31,43
2014/2/1,42
2014/2/2,55
2014/2/3,41
2014/2/4,35
2014/2/5,33
2014/2/6,28
2014/2/7,30
2014/2/8,29
2014/2/9,30
2014/2/10,30
2014/2/11,25
2014/2/12,23
2014/2/13,36
2014/2/14,37
2014/2/15,35
2014/2/16,33
2014/2/17,29
2014/2/18,35
2014/2/19,36
2014/2/20,48
2014/2/21,44
2014/2/22,50
2014/2/23,52
2014/2/24,45
2014/2/25,29
2014/2/26,32
2014/2/27,30
2014/2/28,25
2014/3/1,36
2014/3/2,40
2014/3/3,30
2014/3/4,31
2014/3/5,29
2014/3/6,25
2014/3/7,34
2014/3/8,55
2014/3/9,43
2014/3/10,44
2014/3/11,60
2014/3/12,46
2014/3/13,37
2014/3/14,39
2014/3/15,57
2014/3/16,37
2014/3/17,27
2014/3/18,33
2014/3/19,41
2014/3/20,52
2014/3/21,45
2014/3/22,57
2014/3/23,44
2014/3/24,33
2014/3/25,39
2014/3/26,35
2014/3/27,46
2014/3/28,60
2014/3/29,52
2014/3/30,43
2014/3/31,42
2014/4/1,47
2014/4/2,46
2014/4/3,54
2014/4/4,44
2014/4/5,54
2014/4/6,59
2014/4/7,59
2014/4/8,65
2014/4/9,59
2014/4/10,60
2014/4/11,69
2014/4/12,69
2014/4/13,63
2014/4/14,75
2014/4/15,68
2014/4/16,45
2014/4/17,40
2014/4/18,42
2014/4/19,63
2014/4/20,48
2014/4/21,69
2014/4/22,73
2014/4/23,57
2014/4/24,59
2014/4/25,57
2014/4/26,47
2014/4/27,50
2014/4/28,54
2014/4/29,44
2014/4/30,45
2014/5/1,60
2014/5/2,69
2014/5/3,67
2014/5/4,62
2014/5/5,66
2014/5/6,64
2014/5/7,69
2014/5/8,62
2014/5/9,59
2014/5/10,80
2014/5/11,80
2014/5/12,85
2014/5/13,52
2014/5/14,63
2014/5/15,77
2014/5/16,73
2014/5/17,75
2014/5/18,63
2014/5/19,68
2014/5/20,69
2014/5/21,65
2014/5/22,59
2014/5/23,57
2014/5/24,61
2014/5/25,66
2014/5/26,79
2014/5/27,74
2014/5/28,50
2014/5/29,58
2014/5/30,66
2014/5/31,60
2014/6/1,66
2014/6/2,83
2014/6/3,72
2014/6/4,60
2014/6/5,60
2014/6/6,76
2014/6/7,80
2014/6/8,81
2014/6/9,81
2014/6/10,79
2014/6/11,63
2014/6/12,66
2014/6/13,64
2014/6/14,77
2014/6/15,80
2014/6/16,73
2014/6/17,84
2014/6/18,87
2014/6/19,84
2014/6/20,77
2014/6/21,75
2014/6/22,71
2014/6/23,77
2014/6/24,84
2014/6/25,89
2014/6/26,81
2014/6/27,72
2014/6/28,80
2014/6/29,86
2014/6/30,89
2014/7/1,89
2014/7/2,91
2014/7/3,92
2014/7/4,76
2014/7/5,80
2014/7/6,85
2014/7/7,88
2014/7/8,92
2014/7/9,88
2014/7/10,82
2014/7/11,73
2014/7/12,80
2014/7/13,85
2014/7/14,86
2014/7/15,85
2014/7/16,76
2014/7/17,81
2014/7/18,76
2014/7/19,72
2014/7/20,72
2014/7/21,73
2014/7/22,87
2014/7/23,92
2014/7/24,76
2014/7/25,83
2014/7/26,85
2014/7/27,80
2014/7/28,84
2014/7/29,79
2014/7/30,78
2014/7/31,81
2014/8/1,82
2014/8/2,72
2014/8/3,70
2014/8/4,80
2014/8/5,82
2014/8/6,83
2014/8/7,79
2014/8/8,85
2014/8/9,78
2014/8/10,80
2014/8/11,84
2014/8/12,82
2014/8/13,69
2014/8/14,77
2014/8/15,75
2014/8/16,78
2014/8/17,81
2014/8/18,79
2014/8/19,74
2014/8/20,74
2014/8/21,72
2014/8/22,72
2014/8/23,72
2014/8/24,75
2014/8/25,81
2014/8/26,85
2014/8/27,91
2014/8/28,82
2014/8/29,71
2014/8/30,79
2014/8/31,85
2014/9/1,85
2014/9/2,93
2014/9/3,85
2014/9/4,83
2014/9/5,91
2014/9/6,92
2014/9/7,76
2014/9/8,71
2014/9/9,69
2014/9/10,70
2014/9/11,80
2014/9/12,68
2014/9/13,67
2014/9/14,66
2014/9/15,67
2014/9/16,65
2014/9/17,69
2014/9/18,75
2014/9/19,56
2014/9/20,73
2014/9/21,82
2014/9/22,74
2014/9/23,72
2014/9/24,66
2014/9/25,62
2014/9/26,69
2014/9/27,81
2014/9/28,87
2014/9/29,74
2014/9/30,57
2014/10/1,57
2014/10/2,56
2014/10/3,55
2014/10/4,63
2014/10/5,61
2014/10/6,67
2014/10/7,73
2014/10/8,73
2014/10/9,66
2014/10/10,63
2014/10/11,54
2014/10/12,59
2014/10/13,63
2014/10/14,78
2014/10/15,81
2014/10/16,70
2014/10/17,71
2014/10/18,71
2014/10/19,56
2014/10/20,58
2014/10/21,62
2014/10/22,56
2014/10/23,54
2014/10/24,52
2014/10/25,64
2014/10/26,59
2014/10/27,63
2014/10/28,60
2014/10/29,74
2014/10/30,59
2014/10/31,54
2014/11/1,49
2014/11/2,42
2014/11/3,53
2014/11/4,57
2014/11/5,66
2014/11/6,51
2014/11/7,49
2014/11/8,48
2014/11/9,56
2014/11/10,58
2014/11/11,63
2014/11/12,60
2014/11/13,50
2014/11/14,44
2014/11/15,40
2014/11/16,42
2014/11/17,48
2014/11/18,44
2014/11/19,37
2014/11/20,48
2014/11/21,36
2014/11/22,44
2014/11/23,59
2014/11/24,65
2014/11/25,62
2014/11/26,50
2014/11/27,38
2014/11/28,35
2014/11/29,34
2014/11/30,57
2014/12/1,64
2014/12/2,42
2014/12/3,51
2014/12/4,43
2014/12/5,42
2014/12/6,45
2014/12/7,38
2014/12/8,29
2014/12/9,49
2014/12/10,48
2014/12/11,39
2014/12/12,39
2014/12/13,42
2014/12/14,45
2014/12/15,42
2014/12/16,44
2014/12/17,49
2014/12/18,44
2014/12/19,37
2014/12/20,36
2014/12/21,36
2014/12/22,44
2014/12/23,47
2014/12/24,46
2014/12/25,59
2014/12/26,50
2014/12/27,52
2014/12/28,52
2014/12/29,41
2014/12/30,30
2014/12/31,30
2015/1/1,33
2015/1/2,41
2015/1/3,37
2015/1/4,52
2015/1/5,50
2015/1/6,18
2015/1/7,26
2015/1/8,19
2015/1/9,30
2015/1/10,24
2015/1/11,33
2015/1/12,38
2015/1/13,35
2015/1/14,25
2015/1/15,31
2015/1/16,38
2015/1/17,22
2015/1/18,51
2015/1/19,46
2015/1/20,39
2015/1/21,34
2015/1/22,37
2015/1/23,37
2015/1/24,34
2015/1/25,38
2015/1/26,29
2015/1/27,19
2015/1/28,24
2015/1/29,32
2015/1/30,34
2015/1/31,21
2015/2/1,30
2015/2/2,31
2015/2/3,22
2015/2/4,38
2015/2/5,36
2015/2/6,21
2015/2/7,29
2015/2/8,29
2015/2/9,25
2015/2/10,30
2015/2/11,25
2015/2/12,30
2015/2/13,22
2015/2/14,30
2015/2/15,20
2015/2/16,19
2015/2/17,23
2015/2/18,29
2015/2/19,30
2015/2/20,20
2015/2/21,34
2015/2/22,39
2015/2/23,33
2015/2/24,19
2015/2/25,35
2015/2/26,22
2015/2/27,27
2015/2/28,31
2015/3/1,30
2015/3/2,37
2015/3/3,33
2015/3/4,43
2015/3/5,39
2015/3/6,24
2015/3/7,38
2015/3/8,42
2015/3/9,48
2015/3/10,48
2015/3/11,57
2015/3/12,43
2015/3/13,40
2015/3/14,39
2015/3/15,41
2015/3/16,45
2015/3/17,51
2015/3/18,30
2015/3/19,34
2015/3/20,32
2015/3/21,41
2015/3/22,39
2015/3/23,33
2015/3/24,35
2015/3/25,49
2015/3/26,56
2015/3/27,44
2015/3/28,40
2015/3/29,42
2015/3/30,45
2015/3/31,50
2015/4/1,47
2015/4/2,61
2015/4/3,59
2015/4/4,52
2015/4/5,49
2015/4/6,42
2015/4/7,42
2015/4/8,42
2015/4/9,37
2015/4/10,55
2015/4/11,57
2015/4/12,68
2015/4/13,69
2015/4/14,65
2015/4/15,67
2015/4/16,60
2015/4/17,65
2015/4/18,60
2015/4/19,50
2015/4/20,51
2015/4/21,65
2015/4/22,67
2015/4/23,51
2015/4/24,50
2015/4/25,56
2015/4/26,56
2015/4/27,57
2015/4/28,64
2015/4/29,54
2015/4/30,55
2015/5/1,49
2015/5/2,50
2015/5/3,67
2015/5/4,84
2015/5/5,70
2015/5/6,73
2015/5/7,79
2015/5/8,71
2015/5/9,71
2015/5/10,89
2015/5/11,80
2015/5/12,87
2015/5/13,69
2015/5/14,69
2015/5/15,67
2015/5/16,71
2015/5/17,67
2015/5/18,58
2015/5/19,65
2015/5/20,66
2015/5/21,67
2015/5/22,76
2015/5/23,65
2015/5/24,83
2015/5/25,81
2015/5/26,87
2015/5/27,85
2015/5/28,86
2015/5/29,72
2015/5/30,88
2015/5/31,77
2015/6/1,49
2015/6/2,49
2015/6/3,56
2015/6/4,58
2015/6/5,59
2015/6/6,67
2015/6/7,67
2015/6/8,76
2015/6/9,78
2015/6/10,82
2015/6/11,88
2015/6/12,79
2015/6/13,85
2015/6/14,74
2015/6/15,63
2015/6/16,71
2015/6/17,69
2015/6/18,76
2015/6/19,86
2015/6/20,75
2015/6/21,76
2015/6/22,77
2015/6/23,88
2015/6/24,84
2015/6/25,81
2015/6/26,72
2015/6/27,68
2015/6/28,59
2015/6/29,75
2015/6/30,75
2015/7/1,82
2015/7/2,80
2015/7/3,76
2015/7/4,72
2015/7/5,83
2015/7/6,80
2015/7/7,84
2015/7/8,88
2015/7/9,69
2015/7/10,77
2015/7/11,83
2015/7/12,89
2015/7/13,77
2015/7/14,82
2015/7/15,82
2015/7/16,68
2015/7/17,75
2015/7/18,78
2015/7/19,90
2015/7/20,92
2015/7/21,81
2015/7/22,84
2015/7/23,82
2015/7/24,81
2015/7/25,69
2015/7/26,79
2015/7/27,86
2015/7/28,86
2015/7/29,92
2015/7/30,91
2015/7/31,89
2015/8/1,90
2015/8/2,88
2015/8/3,90
2015/8/4,89
2015/8/5,85
2015/8/6,82
2015/8/7,73
2015/8/8,76
2015/8/9,73
2015/8/10,83
2015/8/11,72
2015/8/12,85
2015/8/13,82
2015/8/14,86
2015/8/15,91
2015/8/16,90
2015/8/17,91
2015/8/18,87
2015/8/19,88
2015/8/20,78
2015/8/21,83
2015/8/22,73
2015/8/23,71
2015/8/24,75
2015/8/25,81
2015/8/26,85
2015/8/27,82
2015/8/28,75
2015/8/29,82
2015/8/30,88
2015/8/31,90
2015/9/1,79
2015/9/2,91
2015/9/3,82
2015/9/4,72
2015/9/5,73
2015/9/6,82
2015/9/7,93
2015/9/8,96
2015/9/9,93
2015/9/10,77
2015/9/11,73
2015/9/12,71
2015/9/13,66
2015/9/14,72
2015/9/15,84
2015/9/16,81
2015/9/17,89
2015/9/18,85
2015/9/19,79
2015/9/20,75
2015/9/21,66
2015/9/22,68
2015/9/23,68
2015/9/24,74
2015/9/25,66
2015/9/26,63
2015/9/27,64
2015/9/28,78
2015/9/29,84
2015/9/30,78
2015/10/1,59
2015/10/2,54
2015/10/3,54
2015/10/4,56
2015/10/5,61
2015/10/6,64
2015/10/7,72
2015/10/8,62
2015/10/9,72
2015/10/10,61
2015/10/11,68
2015/10/12,76
2015/10/13,72
2015/10/14,68
2015/10/15,62
2015/10/16,61
2015/10/17,56
2015/10/18,47
2015/10/19,48
2015/10/20,66
2015/10/21,61
2015/10/22,73
2015/10/23,59
2015/10/24,49
2015/10/25,63
2015/10/26,52
2015/10/27,54
2015/10/28,65
2015/10/29,75
2015/10/30,61
2015/10/31,52
2015/11/1,62
2015/11/2,64
2015/11/3,73
2015/11/4,60
2015/11/5,76
2015/11/6,73
2015/11/7,69
2015/11/8,56
2015/11/9,60
2015/11/10,53
2015/11/11,50
2015/11/12,57
2015/11/13,59
2015/11/14,47
2015/11/15,54
2015/11/16,61
2015/11/17,45
2015/11/18,48
2015/11/19,55
2015/11/20,61
2015/11/21,48
2015/11/22,49
2015/11/23,42
2015/11/24,44
2015/11/25,44
2015/11/26,59
2015/11/27,64
2015/11/28,60
2015/11/29,44
2015/11/30,38
2015/12/1,45
2015/12/2,51
2015/12/3,52
2015/12/4,48
2015/12/5,53
2015/12/6,59
2015/12/7,56
2015/12/8,44
2015/12/9,46
2015/12/10,58
2015/12/11,58
2015/12/12,61
2015/12/13,53
2015/12/14,58
2015/12/15,61
2015/12/16,48
2015/12/17,52
2015/12/18,52
2015/12/19,40
2015/12/20,41
2015/12/21,53
2015/12/22,60
2015/12/23,56
2015/12/24,69
2015/12/25,62
2015/12/26,55
2015/12/27,50
2015/12/28,38
2015/12/29,40
2015/12/30,37
2015/12/31,47
2016/1/1,41
2016/1/2,40
2016/1/3,44
2016/1/4,36
2016/1/5,26
2016/1/6,45
2016/1/7,43
2016/1/8,42
2016/1/9,41
2016/1/10,58
2016/1/11,51
2016/1/12,37
2016/1/13,33
2016/1/14,30
2016/1/15,42
2016/1/16,43
2016/1/17,38
2016/1/18,29
2016/1/19,25
2016/1/20,33
2016/1/21,33
2016/1/22,32
2016/1/23,32
2016/1/24,36
2016/1/25,35
2016/1/26,51
2016/1/27,45
2016/1/28,42
2016/1/29,41
2016/1/30,43
2016/1/31,57
2016/2/1,65
2016/2/2,50
2016/2/3,57
2016/2/4,56
2016/2/5,43
2016/2/6,35
2016/2/7,44
2016/2/8,38
2016/2/9,29
2016/2/10,36
2016/2/11,31
2016/2/12,24
2016/2/13,24
2016/2/14,12
2016/2/15,35
2016/2/16,54
2016/2/17,46
2016/2/18,35
2016/2/19,37
2016/2/20,60
2016/2/21,54
2016/2/22,43
2016/2/23,39
2016/2/24,57
2016/2/25,62
2016/2/26,41
2016/2/27,39
2016/2/28,58
2016/2/29,64
2016/3/1,49
2016/3/2,53
2016/3/3,34
2016/3/4,31
2016/3/5,34
2016/3/6,42
2016/3/7,51
2016/3/8,48
2016/3/9,77
2016/3/10,66
2016/3/11,50
2016/3/12,60
2016/3/13,63
2016/3/14,45
2016/3/15,45
2016/3/16,48
2016/3/17,64
2016/3/18,52
2016/3/19,45
2016/3/20,35
2016/3/21,44
2016/3/22,49
2016/3/23,63
2016/3/24,43
2016/3/25,46
2016/3/26,43
2016/3/27,42
2016/3/28,47
2016/3/29,51
2016/3/30,59
2016/3/31,71
2016/4/1,69
2016/4/2,59
2016/4/3,43
2016/4/4,30
2016/4/5,37
2016/4/6,42
2016/4/7,58
2016/4/8,53
2016/4/9,46
2016/4/10,49
2016/4/11,60
2016/4/12,60
2016/4/13,50
2016/4/14,49
2016/4/15,54
2016/4/16,54
2016/4/17,54
2016/4/18,67
2016/4/19,54
2016/4/20,51
2016/4/21,77
2016/4/22,78
2016/4/23,64
2016/4/24,50
2016/4/25,57
2016/4/26,51
2016/4/27,62
2016/4/28,54
2016/4/29,51
2016/4/30,55
2016/5/1,53
2016/5/2,51
2016/5/3,49
2016/5/4,50
2016/5/5,47
2016/5/6,53
2016/5/7,51
2016/5/8,63
2016/5/9,66
2016/5/10,71
2016/5/11,68
2016/5/12,66
2016/5/13,74
2016/5/14,77
2016/5/15,61
2016/5/16,59
2016/5/17,70
2016/5/18,59
2016/5/19,60
2016/5/20,71
2016/5/21,76
2016/5/22,62
2016/5/23,73
2016/5/24,59
2016/5/25,88
2016/5/26,79
2016/5/27,73
2016/5/28,92
2016/5/29,77
2016/5/30,76
2016/5/31,87
2016/6/1,73
2016/6/2,62
2016/6/3,70
2016/6/4,70
2016/6/5,68
2016/6/6,84
2016/6/7,86
2016/6/8,74
2016/6/9,69
2016/6/10,72
2016/6/11,68
2016/6/12,80
2016/6/13,73
2016/6/14,79
2016/6/15,85
2016/6/16,77
2016/6/17,74
2016/6/18,72
2016/6/19,82
2016/6/20,83
2016/6/21,87
2016/6/22,78
2016/6/23,77
2016/6/24,72
2016/6/25,73
2016/6/26,84
2016/6/27,86
2016/6/28,79
2016/6/29,87
2016/6/30,81
2016/7/1,86
2016/7/2,80
2016/7/3,84
2016/7/4,88
2016/7/5,76
2016/7/6,94
2016/7/7,79
2016/7/8,67
2016/7/9,65
2016/7/10,64
2016/7/11,72
2016/7/12,88
2016/7/13,92
2016/7/14,87
2016/7/15,96
2016/7/16,94
2016/7/17,79
2016/7/18,95
2016/7/19,84
2016/7/20,84
2016/7/21,91
2016/7/22,98
2016/7/23,94
2016/7/24,91
2016/7/25,92
2016/7/26,94
2016/7/27,87
2016/7/28,92
2016/7/29,79
2016/7/30,80
2016/7/31,74
2016/8/1,75
2016/8/2,74
2016/8/3,79
2016/8/4,82
2016/8/5,89
2016/8/6,89
2016/8/7,89
2016/8/8,82
2016/8/9,84
2016/8/10,80
2016/8/11,96
2016/8/12,98
2016/8/13,82
2016/8/14,96
2016/8/15,90
2016/8/16,81
2016/8/17,85
2016/8/18,90
2016/8/19,81
2016/8/20,86
2016/8/21,78
2016/8/22,80
2016/8/23,82
2016/8/24,88
2016/8/25,88
2016/8/26,91
2016/8/27,83
2016/8/28,78
2016/8/29,90
2016/8/30,77
2016/8/31,82
2016/9/1,76
2016/9/2,75
2016/9/3,70
2016/9/4,72
2016/9/5,74
2016/9/6,72
2016/9/7,76
2016/9/8,76
2016/9/9,93
2016/9/10,78
2016/9/11,83
2016/9/12,72
2016/9/13,83
2016/9/14,90
2016/9/15,66
2016/9/16,70
2016/9/17,78
2016/9/18,82
2016/9/19,74
2016/9/20,75
2016/9/21,83
2016/9/22,79
2016/9/23,82
2016/9/24,67
2016/9/25,66
2016/9/26,64
2016/9/27,72
2016/9/28,61
2016/9/29,60
2016/9/30,62
2016/10/1,59
2016/10/2,57
2016/10/3,68
2016/10/4,63
2016/10/5,60
2016/10/6,67
2016/10/7,68
2016/10/8,68
2016/10/9,65
2016/10/10,59
2016/10/11,59
2016/10/12,62
2016/10/13,72
2016/10/14,60
2016/10/15,56
2016/10/16,71
2016/10/17,75
2016/10/18,69
2016/10/19,81
2016/10/20,62
2016/10/21,75
2016/10/22,65
2016/10/23,58
2016/10/24,61
2016/10/25,49
2016/10/26,49
2016/10/27,49
2016/10/28,55
2016/10/29,57
2016/10/30,65
2016/10/31,52
2016/11/1,51
2016/11/2,70
2016/11/3,64
2016/11/4,57
2016/11/5,57
2016/11/6,52
2016/11/7,47
2016/11/8,59
2016/11/9,62
2016/11/10,53
2016/11/11,60
2016/11/12,48
2016/11/13,60
2016/11/14,66
2016/11/15,58
2016/11/16,55
2016/11/17,57
2016/11/18,63
2016/11/19,51
2016/11/20,49
2016/11/21,38
2016/11/22,43
2016/11/23,45
2016/11/24,44
2016/11/25,48
2016/11/26,47
2016/11/27,46
2016/11/28,46
2016/11/29,58
2016/11/30,52
2016/12/1,57
2016/12/2,51
2016/12/3,44
2016/12/4,42
2016/12/5,40
2016/12/6,44
2016/12/7,42
2016/12/8,43
2016/12/9,37
2016/12/10,29
2016/12/11,35
2016/12/12,44
2016/12/13,43
2016/12/14,42
2016/12/15,32
2016/12/16,21
2016/12/17,36
2016/12/18,57
2016/12/19,33
2016/12/20,34
2016/12/21,45
2016/12/22,39
2016/12/23,46
2016/12/24,45
2016/12/25,45
2016/12/26,48
2016/12/27,58
2016/12/28,42
2016/12/29,43
2016/12/30,41
2016/12/31,42
2017/1/1,44
2017/1/2,41
2017/1/3,44
2017/1/4,48
2017/1/5,34
2017/1/6,31
2017/1/7,24
2017/1/8,22
2017/1/9,20
2017/1/10,39
2017/1/11,55
2017/1/12,61
2017/1/13,58
2017/1/14,31
2017/1/15,37
2017/1/16,42
2017/1/17,42
2017/1/18,40
2017/1/19,46
2017/1/20,40
2017/1/21,55
2017/1/22,48
2017/1/23,40
2017/1/24,42
2017/1/25,44
2017/1/26,51
2017/1/27,44
2017/1/28,40
2017/1/29,43
2017/1/30,36
2017/1/31,28
2017/2/1,43
2017/2/2,40
2017/2/3,33
2017/2/4,33
2017/2/5,44
2017/2/6,39
2017/2/7,38
2017/2/8,52
2017/2/9,39
2017/2/10,25
2017/2/11,30
2017/2/12,35
2017/2/13,34
2017/2/14,34
2017/2/15,40
2017/2/16,35
2017/2/17,41
2017/2/18,49
2017/2/19,59
2017/2/20,48
2017/2/21,40
2017/2/22,56
2017/2/23,68
2017/2/24,73
2017/2/25,69
2017/2/26,49
2017/2/27,55
2017/2/28,51
2017/3/1,63
2017/3/2,58
2017/3/3,36
2017/3/4,21
2017/3/5,32
2017/3/6,37
2017/3/7,48
2017/3/8,57
2017/3/9,51
2017/3/10,38
2017/3/11,23
2017/3/12,27
2017/3/13,34
2017/3/14,38
2017/3/15,28
2017/3/16,35
2017/3/17,42
2017/3/18,36
2017/3/19,38
2017/3/20,53
2017/3/21,53
2017/3/22,43
2017/3/23,38
2017/3/24,47
2017/3/25,47
2017/3/26,41
2017/3/27,44
2017/3/28,40
2017/3/29,47
2017/3/30,48
2017/3/31,40
2017/4/1,38
2017/4/2,57
2017/4/3,55
2017/4/4,43
2017/4/5,41
2017/4/6,53
2017/4/7,54
2017/4/8,49
2017/4/9,66
2017/4/10,76
2017/4/11,84
2017/4/12,60
2017/4/13,59
2017/4/14,60
2017/4/15,70
2017/4/16,86
2017/4/17,75
2017/4/18,51
2017/4/19,56
2017/4/20,55
2017/4/21,45
2017/4/22,45
2017/4/23,58
2017/4/24,64
2017/4/25,50
2017/4/26,56
2017/4/27,59
2017/4/28,82
2017/4/29,84
2017/4/30,64
2017/5/1,48
2017/5/2,66
2017/5/3,64
2017/5/4,56
2017/5/5,51
2017/5/6,65
2017/5/7,64
2017/5/8,55
2017/5/9,52
2017/5/10,55
2017/5/11,54
2017/5/12,53
2017/5/13,53
2017/5/14,51
2017/5/15,61
2017/5/16,81
2017/5/17,92
2017/5/18,95
2017/5/19,90
2017/5/20,59
2017/5/21,61
2017/5/22,56
2017/5/23,68
2017/5/24,64
2017/5/25,55
2017/5/26,60
2017/5/27,61
2017/5/28,67
2017/5/29,54
2017/5/30,59
2017/5/31,68
2017/6/1,79
2017/6/2,72
2017/6/3,69
2017/6/4,70
2017/6/5,57
2017/6/6,52
2017/6/7,62
2017/6/8,71
2017/6/9,79
2017/6/10,85
2017/6/11,92
2017/6/12,95
2017/6/13,95
2017/6/14,73
2017/6/15,75
2017/6/16,71
2017/6/17,69
2017/6/18,84
2017/6/19,85
2017/6/20,86
2017/6/21,84
2017/6/22,84
2017/6/23,90
2017/6/24,88
2017/6/25,85
2017/6/26,80
2017/6/27,77
2017/6/28,79
2017/6/29,79
2017/6/30,84
2017/7/1,88
2017/7/2,90
2017/7/3,87
2017/7/4,82
2017/7/5,79
2017/7/6,83
2017/7/7,70
2017/7/8,87
2017/7/9,83
2017/7/10,87
2017/7/11,83
2017/7/12,82
2017/7/13,70
2017/7/14,67
2017/7/15,73
2017/7/16,81
2017/7/17,83
2017/7/18,82
2017/7/19,93
2017/7/20,92
2017/7/21,91
2017/7/22,83
2017/7/23,77
2017/7/24,65
2017/7/25,65
2017/7/26,77
2017/7/27,75
2017/7/28,82
2017/7/29,71
2017/7/30,73
2017/7/31,80
2017/8/1,80
2017/8/2,81
2017/8/3,84
2017/8/4,85
2017/8/5,77
2017/8/6,79
2017/8/7,78
2017/8/8,75
2017/8/9,85
2017/8/10,82
2017/8/11,77
2017/8/12,76
2017/8/13,86
2017/8/14,78
2017/8/15,80
2017/8/16,85
2017/8/17,83
2017/8/18,81
2017/8/19,74
2017/8/20,85
2017/8/21,87
2017/8/22,91
2017/8/23,84
2017/8/24,81
2017/8/25,76
2017/8/26,74
2017/8/27,71
2017/8/28,72
2017/8/29,68
2017/8/30,72
2017/8/31,79
2017/9/1,69
2017/9/2,68
2017/9/3,64
2017/9/4,81
2017/9/5,88
2017/9/6,79
2017/9/7,76
2017/9/8,74
2017/9/9,68
2017/9/10,69
2017/9/11,80
2017/9/12,86
2017/9/13,78
2017/9/14,84
2017/9/15,77
2017/9/16,73
2017/9/17,73
2017/9/18,68
2017/9/19,66
2017/9/20,72
2017/9/21,72
2017/9/22,63
2017/9/23,76
2017/9/24,79
2017/9/25,78
2017/9/26,80
2017/9/27,86
2017/9/28,78
2017/9/29,68
2017/9/30,59
2017/10/1,66
2017/10/2,66
2017/10/3,65
2017/10/4,77
2017/10/5,80
2017/10/6,78
2017/10/7,76
2017/10/8,75
2017/10/9,75
2017/10/10,79
2017/10/11,68
2017/10/12,58
2017/10/13,62
2017/10/14,64
2017/10/15,75
2017/10/16,70
2017/10/17,58
2017/10/18,72
2017/10/19,74
2017/10/20,71
2017/10/21,78
2017/10/22,66
2017/10/23,64
2017/10/24,75
2017/10/25,70
2017/10/26,62
2017/10/27,62
2017/10/28,67
2017/10/29,61
2017/10/30,65
2017/10/31,58
2017/11/1,53
2017/11/2,71
2017/11/3,75
2017/11/4,52
2017/11/5,60
2017/11/6,64
2017/11/7,50
2017/11/8,45
2017/11/9,48
2017/11/10,49
2017/11/11,37
2017/11/12,44
2017/11/13,43
2017/11/14,44
2017/11/15,44
2017/11/16,50
2017/11/17,44
2017/11/18,52
2017/11/19,60
2017/11/20,42
2017/11/21,59
2017/11/22,52
2017/11/23,43
2017/11/24,50
2017/11/25,58
2017/11/26,51
2017/11/27,47
2017/11/28,47
2017/11/29,61
2017/11/30,45
2017/12/1,51
2017/12/2,43
2017/12/3,44
2017/12/4,43
2017/12/5,59
2017/12/6,58
2017/12/7,47
2017/12/8,39
2017/12/9,37
2017/12/10,38
2017/12/11,39
2017/12/12,46
2017/12/13,36
2017/12/14,30
2017/12/15,27
2017/12/16,34
2017/12/17,31
2017/12/18,38
2017/12/19,51
2017/12/20,47
2017/12/21,33
2017/12/22,38
2017/12/23,43
2017/12/24,39
2017/12/25,38
2017/12/26,27
2017/12/27,20
2017/12/28,12
2017/12/29,14
2017/12/30,18
2017/12/31,13
2018/1/1,13
2018/1/2,19
2018/1/3,29
2018/1/4,30
2018/1/5,24
2018/1/6,12
2018/1/7,17
2018/1/8,35
2018/1/9,43
2018/1/10,36
2018/1/11,51
2018/1/12,60
2018/1/13,61
2018/1/14,23
2018/1/15,21
2018/1/16,33
2018/1/17,34
2018/1/18,32
2018/1/19,34
2018/1/20,47
2018/1/21,49
2018/1/22,39
2018/1/23,55
2018/1/24,42
2018/1/25,30
2018/1/26,34
2018/1/27,53
2018/1/28,52
2018/1/29,43
2018/1/30,31
2018/1/31,30
2018/2/1,46
2018/2/2,38
2018/2/3,28
2018/2/4,43
2018/2/5,43
2018/2/6,34
2018/2/7,43
2018/2/8,34
2018/2/9,32
2018/2/10,52
2018/2/11,49
2018/2/12,48
2018/2/13,33
2018/2/14,47
2018/2/15,49
2018/2/16,54
2018/2/17,35
2018/2/18,44
2018/2/19,50
2018/2/20,70
2018/2/21,72
2018/2/22,55
2018/2/23,40
2018/2/24,55
2018/2/25,41
2018/2/26,51
2018/2/27,53
2018/2/28,60
2018/3/1,60
2018/3/2,43
2018/3/3,43
2018/3/4,41
2018/3/5,44
2018/3/6,37
2018/3/7,39
2018/3/8,38
2018/3/9,37
2018/3/10,40
2018/3/11,44
2018/3/12,42
2018/3/13,38
2018/3/14,41
2018/3/15,43
2018/3/16,38
2018/3/17,42
2018/3/18,33
2018/3/19,38
2018/3/20,39
2018/3/21,39
2018/3/22,42
2018/3/23,42
2018/3/24,46
2018/3/25,39
2018/3/26,40
2018/3/27,42
2018/3/28,54
2018/3/29,50
2018/3/30,64
2018/3/31,57
2018/4/1,59
2018/4/2,40
2018/4/3,48
2018/4/4,58
2018/4/5,43
2018/4/6,43
2018/4/7,47
2018/4/8,42
2018/4/9,46
2018/4/10,41
2018/4/11,45
2018/4/12,55
2018/4/13,69
2018/4/14,52
2018/4/15,39
2018/4/16,53
2018/4/17,50
2018/4/18,53
2018/4/19,44
2018/4/20,53
2018/4/21,59
2018/4/22,62
2018/4/23,58
2018/4/24,69
2018/4/25,56
2018/4/26,68
2018/4/27,57
2018/4/28,70
2018/4/29,60
2018/4/30,48
2018/5/1,67
2018/5/2,89
2018/5/3,90
2018/5/4,82
2018/5/5,75
2018/5/6,67
2018/5/7,61
2018/5/8,60
2018/5/9,63
2018/5/10,71
2018/5/11,70
2018/5/12,53
2018/5/13,54
2018/5/14,69
2018/5/15,85
2018/5/16,62
2018/5/17,71
2018/5/18,65
2018/5/19,55
2018/5/20,81
2018/5/21,80
2018/5/22,67
2018/5/23,84
2018/5/24,68
2018/5/25,88
2018/5/26,89
2018/5/27,61
2018/5/28,59
2018/5/29,85
2018/5/30,69
2018/5/31,83
2018/6/1,79
2018/6/2,81
2018/6/3,60
2018/6/4,53
2018/6/5,61
2018/6/6,62
2018/6/7,72
2018/6/8,81
2018/6/9,80
2018/6/10,72
2018/6/11,64
2018/6/12,80
2018/6/13,77
2018/6/14,79
2018/6/15,64
2018/6/16,85
2018/6/17,81
2018/6/18,89
2018/6/19,84
2018/6/20,85
2018/6/21,80
2018/6/22,70
2018/6/23,65
2018/6/24,77
2018/6/25,74
2018/6/26,79
2018/6/27,80
2018/6/28,76
2018/6/29,90
2018/6/30,92
2018/7/1,92
2018/7/2,84
2018/7/3,98
2018/7/4,87
2018/7/5,94
2018/7/6,86
2018/7/7,75
2018/7/8,81
2018/7/9,91
2018/7/10,96
2018/7/11,75
2018/7/12,74
2018/7/13,78
2018/7/14,76
2018/7/15,79
2018/7/16,77
2018/7/17,91
2018/7/18,83
2018/7/19,77
2018/7/20,79
2018/7/21,74
2018/7/22,78
2018/7/23,86
2018/7/24,88
2018/7/25,87
2018/7/26,86
2018/7/27,90
2018/7/28,87
2018/7/29,84
2018/7/30,82
2018/7/31,82
2018/8/1,84
2018/8/2,95
2018/8/3,91
2018/8/4,85
2018/8/5,87
2018/8/6,96
2018/8/7,95
2018/8/8,85
2018/8/9,90
2018/8/10,88
2018/8/11,73
2018/8/12,75
2018/8/13,74
2018/8/14,80
2018/8/15,88
2018/8/16,91
2018/8/17,80
2018/8/18,88
2018/8/19,73
2018/8/20,74
2018/8/21,72
2018/8/22,84
2018/8/23,80
2018/8/24,85
2018/8/25,82
2018/8/26,84
2018/8/27,90
2018/8/28,97
2018/8/29,98
2018/8/30,92
2018/8/31,73
2018/9/1,74
2018/9/2,84
2018/9/3,96
2018/9/4,87
2018/9/5,92
2018/9/6,97
2018/9/7,75
2018/9/8,71
2018/9/9,65
2018/9/10,68
2018/9/11,75
2018/9/12,70
2018/9/13,71
2018/9/14,75
2018/9/15,73
2018/9/16,81
2018/9/17,85
2018/9/18,77
2018/9/19,71
2018/9/20,66
2018/9/21,73
2018/9/22,73
2018/9/23,65
2018/9/24,60
2018/9/25,71
2018/9/26,84
2018/9/27,71
2018/9/28,62
2018/9/29,74
2018/9/30,70
2018/10/1,68
2018/10/2,64
2018/10/3,64
2018/10/4,73
2018/10/5,69
2018/10/6,63
2018/10/7,80
2018/10/8,60
2018/10/9,80
2018/10/10,86
2018/10/11,72
2018/10/12,63
2018/10/13,54
2018/10/14,59
2018/10/15,70
2018/10/16,60
2018/10/17,63
2018/10/18,49
2018/10/19,63
2018/10/20,66
2018/10/21,53
2018/10/22,54
2018/10/23,56
2018/10/24,49
2018/10/25,51
2018/10/26,48
2018/10/27,52
2018/10/28,54
2018/10/29,60
2018/10/30,50
2018/10/31,58
2018/11/1,64
2018/11/2,70
2018/11/3,68
2018/11/4,56
2018/11/5,52
2018/11/6,60
2018/11/7,64
2018/11/8,57
2018/11/9,50
2018/11/10,50
2018/11/11,46
2018/11/12,50
2018/11/13,54
2018/11/14,42
2018/11/15,38
2018/11/16,46
2018/11/17,50
2018/11/18,41
2018/11/19,41
2018/11/20,42
2018/11/21,43
2018/11/22,24
2018/11/23,32
2018/11/24,47
2018/11/25,49
2018/11/26,47
2018/11/27,49
2018/11/28,44
2018/11/29,46
2018/11/30,44
2018/12/1,45
2018/12/2,51
2018/12/3,58
2018/12/4,44
2018/12/5,36
2018/12/6,42
2018/12/7,40
2018/12/8,31
2018/12/9,37
2018/12/10,39
2018/12/11,38
2018/12/12,39
2018/12/13,35
2018/12/14,46
2018/12/15,55
2018/12/16,45
2018/12/17,43
2018/12/18,39
2018/12/19,42
2018/12/20,50
2018/12/21,65
2018/12/22,56
2018/12/23,43
2018/12/24,39
2018/12/25,39
2018/12/26,40
2018/12/27,38
2018/12/28,57
2018/12/29,54
2018/12/30,34